,C,C++,Go,Java,Javascript,Python,Python3
5b5c8cd7276e2200208fed62,0.8877150035431295,1.0544084400904294,0.7285223367697594,0.9977340073208995,0.7285223367697594,0.7285223367697594,1.1739732348869405
5b645f711b2cd40020b6c771,0.834051724137931,1.267034990791897,0.6771653543307087,0.8396094839609484,0.6771653543307087,2.097560975609756,1.053778080326753
5b649819c0b1b80020eb30e1,1.2827172827172828,0.9942477876106195,0.8359375000000001,0.8576633470974011,0.8359375000000001,0.8359375000000001,1.0854679178290643
5b64600d1b2cd40020b6c772,1.0303030303030303,1.0303030303030303,0.5074626865671642,0.8542713567839197,0.5074626865671642,0.5074626865671642,1.0303030303030303
5b6c3ec18cab100020e963b7,0.8853814355505448,1.1163159984120683,0.737864077669903,1.0373887240356083,0.737864077669903,0.737864077669903,1.2954545454545456
5b6c3fc08cab100020e963b8,0.9549549549549549,0.9211229946524064,0.646341463414634,0.8531187122736418,0.646341463414634,0.646341463414634,1.2544378698224852
5b6c42d08cab100020e963b9,0.8062827225130891,0.9166666666666667,0.6875,0.9166666666666667,0.6875,2.1999999999999997,1.2509803921568627
5b72e7f9750b6100209d9f12,0.9472934472934473,1.0024313153415998,0.7964071856287425,0.9182968929804373,0.7964071856287425,0.7964071856287425,1.1687170474516697
5b714d3c155c0000206d76fc,1.0778443113772456,0.972972972972973,0.6545454545454545,0.9230769230769229,0.6545454545454545,0.6545454545454545,1.045643153526971
5b72f1a5750b6100209d9f13,0.782608695652174,0.972972972972973,0.782608695652174,0.972972972972973,0.782608695652174,0.782608695652174,1.0996784565916398
5b96a51f9808fa0020a42972,0.9382716049382716,0.9230769230769231,0.8,0.9855072463768116,0.8,0.8,1.0841121495327102
5b96a89fe701a900207872a6,0.9024390243902439,2.265306122448979,0.9024390243902439,0.9024390243902439,0.9024390243902439,0.9024390243902439,0.9919571045576409
5b96a9e0e701a900207872a7,0.8571428571428571,1.1186440677966103,0.8571428571428571,0.8571428571428571,0.8571428571428571,0.8571428571428571,0.8571428571428571
5b9e5d0dc81946001f697c20,0.9868421052631579,1.0646687697160884,0.7425742574257426,1.056338028169014,0.7425742574257426,0.7425742574257426,0.872093023255814
5b9e5acec81946001f697c1f,1.153846153846154,0.8571428571428572,0.6000000000000001,1.0,0.6000000000000001,0.6000000000000001,1.5
5b9e5804c81946001f697c1e,1.0666666666666667,0.9212690951821386,0.7516778523489933,1.0532915360501567,0.7516778523489933,0.7516778523489933,1.1089108910891088
5b9e6068888c06001ffabf9b,0.8494623655913978,0.9417698303530491,0.8494623655913978,1.0784982935153582,0.8494623655913978,0.8494623655913978,1.0616600790513835
5b9e444fc81946001f697c1d,0.8888888888888888,8.0,0.8888888888888888,0.8888888888888888,0.8888888888888888,0.8888888888888888,1.0434782608695652
5bae773afda1fc0021bbf24a,0.8946008041355543,0.9976646426903315,0.6846153846153846,1.1398078975453576,0.6846153846153846,0.6846153846153846,1.1770756796473183
5bae7910fda1fc0021bbf24b,1.1578947368421053,0.859375,0.7333333333333333,0.859375,0.7333333333333333,0.7333333333333333,1.1578947368421053
5bae7e94fda1fc0021bbf24c,1.7999999999999998,0.9473684210526315,0.9473684210526315,0.9473684210526315,0.9473684210526315,0.9473684210526315,0.9473684210526315
5c2c5e61ec9f5000224eef13,0.8693009118541033,1.04,0.7027027027027026,1.2149532710280375,0.7027027027027026,0.7027027027027026,0.9669421487603307
5c2c5c6cec9f5000224eef12,0.8717948717948718,1.1147540983606556,0.8717948717948718,0.9344608879492601,0.8717948717948718,0.8717948717948718,1.0303030303030303
5c2c5ac54ed5920022b4ae89,0.6875,0.891891891891892,0.6875,2.1999999999999997,0.6875,0.6875,1.0476190476190477
5c2cd2eee3e5da002279017e,0.7580872011251758,1.3183856502242153,0.6282051282051282,1.6896551724137931,0.6282051282051282,0.6282051282051282,1.2831423895253682
5c2dadc092a9930022a9dc85,0.9574468085106382,1.0465116279069766,0.8490566037735848,0.9662576687116563,0.8490566037735848,0.8490566037735848,1.0559566787003611
5c2daf4992a9930022a9dc86,0.9928057553956834,0.9311740890688259,0.851851851851852,1.1896551724137931,0.851851851851852,0.851851851851852,1.0823529411764705
5c39eca03646190022847c54,1.016280217069561,0.9340853793408538,0.9671361502347418,1.2199661590524535,0.6518987341772152,0.6518987341772152,1.063568893191352
5c4ae1bc91b74800225c106d,1.0243217960710944,0.9609623241034951,0.9012345679012346,1.0605326876513317,0.9012345679012346,0.9012345679012346,1.0507575757575758
5c4ae2fd91b74800225c106e,1.1142857142857143,1.0196078431372548,0.8125,1.2465753424657533,0.8125,0.8125,0.8125
5c39f0543646190022847c61,0.7717842323651453,0.9031032298923369,1.5897435897435896,1.5897435897435896,0.6138613861386139,0.6138613861386139,1.3510895883777239
5c39ed573646190022847c59,1.0617283950617284,0.7326343381389253,2.263157894736842,2.263157894736842,0.6935483870967742,0.6935483870967742,1.148854961832061
5c39f1023646190022847c62,0.9473684210526315,4.5,4.5,1.125,0.8181818181818181,0.8181818181818181,0.9395604395604396
5c39f4af80aaed0022b63275,0.8078175895765473,1.631578947368421,0.62,1.631578947368421,1.631578947368421,0.62,1.0385259631490786
5c506d5c3027fa0022016678,1.1578947368421053,0.8718626155878467,0.6197183098591549,0.8627450980392156,0.6197183098591549,0.6197183098591549,1.6296296296296295
5c506e743027fa0022016682,0.9210526315789475,1.0144927536231882,0.8333333333333334,1.120689655172414,0.8333333333333334,0.8333333333333334,1.0843373493975903
5c5072073027fa002201668a,1.7999999999999998,1.125,0.6428571428571428,1.125,0.6428571428571428,0.6428571428571428,0.8181818181818181
5c7abbd75dfcc900221e1119,0.875,1.046728971962617,0.875,1.0606060606060606,0.875,0.875,0.875
5c7ac9bc5dfcc900221e112d,0.85,0.9902912621359223,0.85,0.85,0.85,0.85,1.0240963855421688
5c7ac7bf5dfcc900221e112b,0.875,0.875,0.875,0.875,0.875,0.875,1.2352941176470589
5c9f2ade66d9c7002236765e,0.6805555555555555,0.9082926829268292,0.6805555555555555,0.9137529137529137,0.6805555555555555,0.6805555555555555,1.6591422121896162
5c98f64b16c4b60022cd52f3,0.64,1.0666666666666667,0.64,0.9411764705882353,0.64,0.64,0.9411764705882353
5c98edc316c4b60022cd52f1,0.8260869565217391,0.9366197183098591,0.8260869565217391,0.8260869565217391,0.8260869565217391,0.8260869565217391,1.8387096774193548
5c9f3d52a9c6000022af0e05,0.851063829787234,1.4814814814814814,0.851063829787234,0.9160305343511451,0.851063829787234,0.851063829787234,1.0014727540500736
5c98eb0d16c4b60022cd52f0,0.935483870967742,1.044,0.935483870967742,0.935483870967742,0.935483870967742,0.935483870967742,0.935483870967742
5ca063dd08f90d00223749ea,0.8076923076923077,1.2599999999999998,0.8076923076923077,0.8076923076923077,0.8076923076923077,0.8076923076923077,0.8716981132075472
5c9b945e6769cb002257bcb5,0.8888888888888888,1.018181818181818,0.8888888888888888,0.8888888888888888,0.8888888888888888,0.8888888888888888,0.8888888888888888
5d3c780e7cb1120022007f29,0.8517482517482518,0.9502427184466019,0.6850393700787402,1.1059322033898304,2.175,0.6850393700787402,1.144736842105263
5d3c94af7cb1120022007f38,0.7859266600594649,1.00862688713156,2.346153846153846,0.8501742160278746,0.7011494252873564,0.7011494252873564,1.3536754507628292
5d3c981a7cb1120022007f39,0.6777408637873754,1.1643835616438356,0.5795454545454545,0.8547486033519555,0.5795454545454545,0.5795454545454545,1.0605786618444848
5d3c84697cb1120022007f30,0.9230769230769231,1.090909090909091,0.9230769230769231,0.9230769230769231,0.9230769230769231,0.9230769230769231,0.9514066496163683
5d3c81e87cb1120022007f2f,0.782608695652174,1.4355828220858897,0.72,1.3846153846153844,0.72,0.72,1.0112359550561798
5d46f3ce86031f00223f4ce7,0.7333333333333333,1.3660130718954246,0.7333333333333333,1.6296296296296295,0.7333333333333333,0.7333333333333333,0.94017094017094
5d49981887a3d00022372d92,0.64,1.2307692307692308,0.64,0.9411764705882353,0.64,0.64,0.9411764705882353
5d46f62486031f00223f4ce8,0.6363636363636364,1.75,0.6363636363636364,0.7291666666666666,0.6363636363636364,0.6363636363636364,1.1052631578947367
5d615f02ec3cc6002207e857,0.8911884603323926,1.2056892778993435,0.8169014084507042,0.9902439024390244,0.8169014084507042,4.461538461538462,1.0803447317208785
5d61680dec3cc6002207e876,0.7942238267148013,1.2753623188405796,0.7096774193548386,0.9016393442622951,0.7096774193548386,0.7096774193548386,1.164021164021164
5d623acae007440022d873c0,0.8777777777777778,1.1716101694915255,0.8777777777777778,0.9622411693057248,0.8777777777777778,0.8777777777777778,1.001111605157848
5d616091ec3cc6002207e858,0.812664907651715,1.1629392971246006,0.7567567567567568,1.386138613861386,0.7567567567567568,0.7567567567567568,0.9754838709677419
5d7a599fb112e300220a44d0,0.8278867102396515,1.2265391512253436,0.7102803738317757,0.8762490392006148,0.7102803738317757,0.7102803738317757,1.0133333333333332
5d7a604bb112e300220a44d1,0.8695652173913044,0.8695652173913044,0.7142857142857143,1.0,0.7142857142857143,0.7142857142857143,1.2903225806451613
5d7a635db112e300220a44d2,0.8771929824561403,1.0802469135802468,0.8771929824561403,0.8771929824561403,0.8771929824561403,0.8771929824561403,0.9749303621169916
5e15ec2073aedb002281070e,0.828513786146604,1.0005197505197505,0.6581196581196581,1.9250000000000003,0.6581196581196581,0.6581196581196581,1.4368825466520307
5e15ed4773aedb002281070f,0.7450980392156863,1.086322869955157,0.6627906976744186,0.9913043478260869,0.6627906976744186,0.6627906976744186,1.13151364764268
5e15eea073aedb0022810710,0.9270833333333334,0.95388113023709,12.714285714285719,0.9270833333333334,0.9270833333333334,0.9270833333333334,1.0598648213710975
5e15efea73aedb0022810711,0.8285714285714286,1.4146341463414636,0.8285714285714286,0.8285714285714286,0.8285714285714286,0.8285714285714286,0.9289693593314763
5e2d10a1533c8d0022c770f2,0.9488809766022381,1.1073008849557522,0.8504672897196262,0.8504672897196262,0.8504672897196262,0.8504672897196262,1.0336015144344535
5e2d1287533c8d0022c770f3,0.9652173913043478,1.058058925476603,0.9652173913043478,0.9652173913043478,0.9652173913043478,0.9652173913043478,0.9809986743261159
5e2d281c533c8d0022c770fd,0.7857142857142857,0.9519230769230769,0.7857142857142857,0.7857142857142857,0.7857142857142857,0.7857142857142857,1.2073170731707317
5e2d29af533c8d0022c770fe,0.9166666666666667,0.9166666666666667,0.9166666666666667,0.9166666666666667,0.9166666666666667,0.9166666666666667,1.0352941176470587
5e6dfacd502c4b0022178adb,0.8222222222222222,1.0746887966804979,0.8222222222222222,0.8222222222222222,0.8222222222222222,0.8222222222222222,0.9980732177263968
5e6cb4e245fd530022f5ad68,3.928571428571429,1.1702127659574468,0.7971014492753624,0.7971014492753624,0.7971014492753624,1.3253012048192772,0.9397884458909682
5e6e0be659366b002223786e,0.9655172413793103,0.9655172413793103,0.9655172413793103,0.9655172413793103,0.9655172413793103,0.9655172413793103,1.002754820936639
5e8065b799770c00221d371a,1.2878787878787878,0.9674796747967479,0.85,0.85,0.85,0.85,0.9603053435114502
5e8088ab99770c00221d371d,0.8823529411764706,0.9523809523809523,0.8823529411764706,0.9593023255813953,0.8823529411764706,0.8823529411764706,1.0209424083769634
5e80968d99770c00221d371e,0.8181818181818181,0.8181818181818181,0.8181818181818181,0.8181818181818181,0.8181818181818181,0.8181818181818181,1.0677966101694916
5e987904773965002294ebf1,0.8602941176470588,1.019809825673534,0.8602941176470588,0.8602941176470588,0.8602941176470588,0.8602941176470588,1.018671981537816
5e98b2ae3af9550022fc1311,0.8,0.9620253164556962,0.8,0.8,0.8,0.8,1.037037037037037
5e988a5f773965002294ebf2,0.8354430379746836,1.216589861751152,0.8354430379746836,0.8354430379746836,0.8354430379746836,0.8354430379746836,0.9850746268656717
5e98a5f03af9550022fc130c,0.5714285714285714,0.7407407407407407,0.5714285714285714,0.5714285714285714,0.5714285714285714,0.5714285714285714,1.1891891891891893
5e98c4f63af9550022fc1317,1.0,1.0,1.0,1.0,1.0,1.0,1.0
5e98ba9d3af9550022fc1315,0.6666666666666666,1.0,0.6666666666666666,0.6666666666666666,0.6666666666666666,0.6666666666666666,1.0
5e98bde83af9550022fc1316,1.0,1.0,1.0,1.0,1.0,1.0,1.0
5f368132d83e600022d1b148,0.8111846061334936,2.159695817490494,0.7473684210526316,0.8243831640058055,0.7473684210526316,0.7473684210526316,1.05358615004122
5f3523bc72b45b0022f74c55,0.896551724137931,1.054054054054054,0.6190476190476191,1.625,0.6190476190476191,0.6190476190476191,0.9735682819383261
5f35262e72b45b0022f74c56,1.1666666666666667,1.1666666666666667,0.5384615384615384,1.1666666666666667,0.5384615384615384,0.5384615384615384,0.9032258064516129
5f353ac472b45b0022f74c5f,0.9545454545454545,0.9545454545454545,0.9545454545454545,0.9545454545454545,0.9545454545454545,0.9545454545454545,1.008
5f6c59f08cc9c4002205a871,0.8120446818844099,0.9119170984455958,0.7787610619469026,1.2753623188405796,0.7787610619469026,0.7787610619469026,1.8273224043715848
5f6ad96e4bf84b0022982b00,0.918032786885246,1.0736629667003028,0.918032786885246,0.918032786885246,0.918032786885246,0.918032786885246,0.9673704414587331
5f6ae8654bf84b0022982b02,0.8636363636363636,1.008849557522124,0.8636363636363636,0.8636363636363636,0.8636363636363636,0.8636363636363636,0.985185185185185
5f6ad8a34bf84b0022982aff,0.7868852459016394,1.1604395604395605,0.7868852459016394,0.7868852459016394,0.7868852459016394,0.7868852459016394,0.900225056264066
5f6ae4ad4bf84b0022982b01,1.0,1.0,1.0,1.0,1.0,1.0,1.0
5f6c60908cc9c4002205a872,0.9444444444444444,1.120879120879121,0.9444444444444444,0.9444444444444444,0.9444444444444444,0.9444444444444444,0.9444444444444444
5f81693ae5737600220575c1,0.6785714285714286,0.8477690288713912,0.6785714285714286,2.1111111111111116,0.6785714285714286,0.6785714285714286,1.1176470588235294
5f817795e5737600220575c2,1.0,1.0,1.0,1.0,1.0,1.0,1.0
5f828e1a253e190022125d37,1.0,1.0,1.0,1.0,1.0,1.0,1.0
5f9b1c991f59c70022ee5f45,0.6071428571428572,0.8018867924528302,0.6071428571428572,0.6071428571428572,0.6071428571428572,0.6071428571428572,1.1147540983606556
5f9bc7e84a081b0022c2d44d,1.0,1.0,1.0,1.0,1.0,1.0,1.0
5f9d08ccf6afbe00225d2aa0,1.0,1.0,1.0,1.0,1.0,1.0,1.0
5f9d0adef6afbe00225d2aa1,1.0,1.0,1.0,1.0,1.0,1.0,1.0
5fb0bdc8b5538800223c1c96,1.1948051948051948,0.815024805102764,0.6301369863013699,0.6301369863013699,0.6301369863013699,0.6301369863013699,1.4192377495462793
5fae92e8a9b4ba002281a81e,0.8490566037735848,1.228287841191067,0.8490566037735848,0.8490566037735848,0.8490566037735848,0.8490566037735848,0.9616801768607222
5fae67ab77dd8c0022cb042f,0.875,0.9732620320855616,0.875,0.875,0.875,0.875,1.0606060606060606
5fae9698a9b4ba002281a820,0.8823529411764706,1.1320754716981132,0.8823529411764706,0.8823529411764706,0.8823529411764706,0.8823529411764706,0.8823529411764706
5fae6cea77dd8c0022cb0432,1.0,1.0,1.0,1.0,1.0,1.0,1.0
5fbf99a59296860022aa89da,0.6799999999999999,0.8923884514435695,0.6799999999999999,2.125,0.6799999999999999,0.6799999999999999,1.0503432494279177
5fbf9f6f9296860022aa89dc,1.6727272727272728,1.5784313725490198,0.7419354838709677,0.8712121212121212,0.7419354838709677,0.7419354838709677,0.793103448275862
5fbfa34b9296860022aa89df,0.7391304347826086,1.0818181818181818,0.7391304347826086,0.7391304347826086,0.7391304347826086,0.7391304347826086,0.9807692307692308
5fbfa2779296860022aa89de,0.875,7.0000000000000036,0.875,0.875,0.875,0.875,0.875
5fbf9d829296860022aa89db,0.5454545454545454,0.9230769230769229,0.5454545454545454,1.2,0.5454545454545454,0.5454545454545454,1.024390243902439
5fbfa1179296860022aa89dd,1.0,1.0,1.0,1.0,1.0,1.0,1.0
602f5e6aeb158c002271b46c,0.8529411764705881,1.0040733197556009,0.8529411764705881,0.8529411764705881,0.8529411764705881,0.8529411764705881,1.0283687943262412
602f504deb158c002271b467,0.6382978723404256,1.0824742268041239,0.6382978723404256,0.6382978723404256,0.6382978723404256,0.6382978723404256,0.9677419354838711
602f525deb158c002271b469,0.5882352941176471,0.5882352941176471,0.5882352941176471,0.5882352941176471,0.5882352941176471,0.5882352941176471,1.0
602f5084eb158c002271b468,0.5945945945945946,1.4666666666666668,0.5945945945945946,0.5945945945945946,0.5945945945945946,0.5945945945945946,0.9005847953216374
602f54d1eb158c002271b46b,1.005586592178771,1.1180124223602483,0.8372093023255814,0.8372093023255814,0.8372093023255814,0.8372093023255814,0.9509433962264151
602f53f4eb158c002271b46a,0.9393939393939394,0.9393939393939394,0.9393939393939394,0.9393939393939394,0.9393939393939394,0.9393939393939394,1.0044692737430168
604a67a16350fa0022ce1c6d,0.631578947368421,1.7142857142857142,0.631578947368421,0.631578947368421,0.631578947368421,0.631578947368421,0.9635036496350363
604ba7dfc244c800220fc499,0.7647058823529411,1.9696969696969697,0.7647058823529411,0.7647058823529411,0.7647058823529411,0.7647058823529411,0.9324894514767933
604bab0ec244c800220fc49a,0.7037037037037037,1.0075757575757576,0.7037037037037037,0.7037037037037037,0.7037037037037037,0.7037037037037037,0.9956331877729259
604a6ad46350fa0022ce1c6e,0.8571428571428571,0.9767441860465117,0.8571428571428571,0.8571428571428571,0.8571428571428571,0.8571428571428571,1.0344827586206897
6055b8213d00c8002293e4ce,0.7064220183486238,1.0921985815602837,0.7064220183486238,0.7064220183486238,0.7064220183486238,0.7064220183486238,0.9875574272588055
6055bd3d3d00c8002293e4d3,0.5641025641025641,0.8527131782945736,0.5641025641025641,0.5641025641025641,0.5641025641025641,0.5641025641025641,1.0535211267605633
6055c43ecef4570022ac9c14,0.6458333333333334,0.9538461538461539,0.6458333333333334,0.6458333333333334,0.6458333333333334,0.6458333333333334,1.0072202166064983
6055b90e3d00c8002293e4cf,0.5,1.0,0.5,0.5,0.5,0.5,1.0
6065d4d445a5d100227e079c,0.8785266457680252,0.9314388813712223,0.641304347826087,0.815668202764977,0.641304347826087,0.641304347826087,1.4399736147757258
6065cf6645a5d100227e079b,0.875,0.9371196754563894,0.6774193548387096,1.2352941176470589,0.6774193548387096,0.6774193548387096,1.0396039603960396
6065e97c45a5d100227e07bd,0.8888888888888888,1.1428571428571428,0.8888888888888888,0.8888888888888888,0.8888888888888888,0.8888888888888888,0.9927007299270073
6065de3f45a5d100227e07b7,0.6521739130434783,1.2209302325581395,0.6521739130434783,0.9677419354838711,0.6521739130434783,0.6521739130434783,0.9459459459459459
6065da6245a5d100227e07a7,0.8,0.8,0.8,0.8,0.8,0.8,1.0
6065d73145a5d100227e079f,0.5151515151515151,0.8762886597938144,0.5151515151515151,1.0625,0.5151515151515151,0.5151515151515151,1.0625
6065d6f645a5d100227e079e,0.75,1.3636363636363635,0.75,0.75,0.75,0.75,1.0
60fa79a49e8f310022c7d341,0.8253414705027609,1.3575525812619502,0.6960784313725491,0.6960784313725491,0.6960784313725491,0.6960784313725491,1.3844011142061283
60fa7d829e8f310022c7d343,0.8608648453048671,4.105263157894736,0.8041237113402062,0.8041237113402062,0.8041237113402062,0.8041237113402062,1.9367945823927766
60fa6ca19e8f310022c7d33f,0.8866995073891626,5.142857142857143,0.8372093023255814,0.8372093023255814,0.8372093023255814,0.8372093023255814,2.5352112676056344
610eae514575780022cbbdd1,1.075,0.9563729683490163,0.6991869918699187,2.3243243243243246,0.6991869918699187,0.6991869918699187,0.9957118353344768
610e99164575780022cbbdc6,0.9873417721518988,0.9873417721518988,0.9873417721518988,0.9873417721518988,0.9873417721518988,0.9873417721518988,1.0044404973357015
610e74874575780022cbbdba,0.75,0.75,0.75,0.75,0.75,0.75,1.2000000000000002
613b7375f969d70023246c88,0.825,0.9801980198019801,0.6346153846153847,1.0999999999999999,0.6346153846153847,0.6346153846153847,1.0550185873605948
613c5a447fedaa0023099468,1.0825688073394495,1.12960235640648,0.7023809523809524,2.3600000000000003,0.7023809523809524,0.7023809523809524,0.931333859510655
613b896982592a00235c0a3d,0.6614173228346457,0.8173652694610778,0.5675675675675675,1.3125,0.5675675675675675,0.5675675675675675,1.2386058981233246
613b4d6df969d70023246c83,0.7662337662337662,1.4182692307692308,0.7662337662337662,3.277777777777777,0.7662337662337662,0.7662337662337662,0.9668828951860704
613b951f82592a00235c0a3f,0.631578947368421,0.6942148760330579,0.631578947368421,1.7142857142857142,0.631578947368421,0.631578947368421,1.2
614c708da5479f0023787774,0.6515151515151515,1.1517857142857144,0.6515151515151515,0.7922948073701843,0.6515151515151515,0.6515151515151515,1.1517857142857144
614c65eba5479f002378776e,0.631578947368421,1.7142857142857142,0.631578947368421,1.7142857142857142,0.631578947368421,0.631578947368421,0.9438202247191011
614c630ba5479f002378776d,0.7058823529411764,0.7058823529411764,0.7058823529411764,2.3999999999999995,0.7058823529411764,0.7058823529411764,1.0285714285714285
614cb2c0b93b4e00230e2782,0.9500000000000001,0.9500000000000001,0.9500000000000001,0.9500000000000001,0.9500000000000001,0.9500000000000001,1.0142348754448398
618e5faf779365002387323e,0.896551724137931,1.0,0.6666666666666666,1.0,0.6666666666666666,0.6666666666666666,1.0555555555555556
618e8ad77793650023873243,0.8031088082901555,1.021978021978022,0.607843137254902,0.607843137254902,0.607843137254902,0.607843137254902,1.0894568690095847
618e85c97793650023873240,1.1661971830985915,0.8870523415977962,0.7076923076923076,2.421052631578947,0.7076923076923076,0.7076923076923076,0.9673676577229877
618e88557793650023873242,0.9743589743589742,0.9743589743589742,0.9743589743589742,0.9743589743589742,0.9743589743589742,0.9743589743589742,1.0031055900621118
618bff9869467c00238c69b7,0.9968354430379747,1.4516129032258065,0.7758620689655173,0.7758620689655173,0.7758620689655173,0.7758620689655173,0.9625668449197863
618edf00dfc674002301c26e,0.5833333333333333,1.4,0.5833333333333333,0.5833333333333333,0.5833333333333333,0.5833333333333333,0.8974358974358974
618ec686dfc674002301c26b,0.9090909090909091,0.9090909090909091,0.9090909090909091,0.9090909090909091,0.9090909090909091,0.9090909090909091,1.0256410256410258
618e8b9e7793650023873244,0.8333333333333334,0.8333333333333334,0.8333333333333334,0.8333333333333334,0.8333333333333334,0.8333333333333334,1.0
61d9c8cf2d678f002403d077,0.7096774193548386,2.4444444444444438,0.7096774193548386,0.9295774647887325,0.7096774193548386,0.7096774193548386,1.019867549668874
61d941c1e0fb7f00247ac020,0.6060606060606061,1.0687022900763359,0.6060606060606061,1.0169491525423728,0.6060606060606061,0.6060606060606061,0.9523809523809523
61d9c1bd2d678f002403d068,0.5714285714285714,0.8,0.5714285714285714,0.5714285714285714,0.5714285714285714,0.5714285714285714,1.3333333333333333
61d95ad22d678f002403d02c,0.7419354838709677,1.1794871794871795,0.7419354838709677,0.8712121212121212,0.7419354838709677,0.7419354838709677,1.0094043887147337
61fe01ebaa33750024aa5136,1.120879120879121,2.5500000000000003,0.7183098591549296,0.7183098591549296,0.7183098591549296,0.7183098591549296,0.9175732217573221
61fe3451aa33750024aa513d,0.6666666666666666,0.8571428571428571,0.6666666666666666,0.6666666666666666,0.6666666666666666,0.6666666666666666,1.0588235294117647
61fe5beeaa33750024aa515b,0.6428571428571428,1.125,0.6428571428571428,0.6428571428571428,0.6428571428571428,0.6428571428571428,0.8999999999999999
61fe5e93aa33750024aa515c,0.6875,0.830188679245283,0.6875,0.6875,0.6875,0.6875,1.1323529411764706
6219d5e842c3a8002490d63b,0.6960784313725491,1.5707964601769913,0.6960784313725491,1.6575875486381324,0.6960784313725491,0.6960784313725491,0.9115794573643411
6217ba5fa5433500245d867a,0.8360655737704918,0.9714285714285715,0.8360655737704918,1.159090909090909,0.8360655737704918,0.8360655737704918,0.9944289693593314
6217c009a5433500245d867b,0.7368421052631579,1.4482758620689655,0.7368421052631579,0.9767441860465117,0.7368421052631579,0.7368421052631579,0.9032258064516129
621a24954323e500241da25d,0.7090909090909091,1.0985915492957747,0.7090909090909091,0.7890173410404625,0.7090909090909091,0.7090909090909091,1.0540540540540542
621a6137bdcbbe0024af9ab5,0.6875,0.738255033557047,0.6875,0.891891891891892,0.6875,0.6875,1.119106699751861
62550242ff3fbf0024dfddd7,0.7722772277227722,1.5337078651685396,0.7722772277227722,0.8068965517241379,0.7722772277227722,0.7722772277227722,1.0598604480352551
6256b4669f86540024c56541,0.7530864197530864,1.0054945054945055,0.7530864197530864,1.207920792079208,0.7530864197530864,0.7530864197530864,0.9880647911338448
6255b691aa9acd0024d4166c,0.8375,1.2042483660130718,0.8375,5.153846153846153,0.8375,0.8375,0.9641647855530474
625659e3c375f900249dbb33,0.5714285714285714,1.0149253731343284,0.5714285714285714,1.3333333333333333,0.5714285714285714,0.5714285714285714,0.8
6255c1a8c375f900249dbad8,0.7457627118644068,1.1635651322233105,0.7457627118644068,0.7457627118644068,0.7457627118644068,0.7457627118644068,1.4831460674157302
6255468d5be5d3002424a735,0.6923076923076923,1.1123595505617978,0.6923076923076923,0.8999999999999999,0.6923076923076923,0.6923076923076923,0.8372093023255814
6256b3db9f86540024c5653f,0.8064516129032259,1.2145748987854252,0.8064516129032259,0.8597883597883598,0.8064516129032259,0.8064516129032259,0.8064516129032259
6257f1d4fb139700243c58ca,0.8181818181818181,0.9264705882352942,0.8181818181818181,4.5,0.8181818181818181,0.8181818181818181,0.8910891089108911
6257f176fb139700243c58c8,0.6666666666666666,1.0,0.6666666666666666,2.0,0.6666666666666666,0.6666666666666666,0.8571428571428571
62592ec26040770024b11f4b,0.6666666666666666,1.25,0.6666666666666666,0.7368421052631579,0.6666666666666666,0.6666666666666666,1.2
62dab1b463c43c00220909af,0.7890818858560794,0.844621513944223,0.6973684210526315,0.7639639639639639,0.6973684210526315,0.6973684210526315,1.6014388489208633
62d98871361a970022e888e1,0.9724770642201837,0.9724770642201837,0.654320987654321,1.8928571428571428,0.654320987654321,0.654320987654321,1.0050568900126422
62d986ea361a970022e888e0,2.827586206896552,1.0280597014925372,0.7387387387387389,0.7387387387387389,0.7387387387387389,0.7387387387387389,1.084786530366807
62da96d263c43c00220909a0,0.8213783403656821,0.990950226244344,0.7448979591836734,0.7448979591836734,0.7448979591836734,0.7448979591836734,1.0664347826086957
6301e8473a18140022ffed0d,0.92,1.3269230769230769,0.92,0.92,0.92,0.92,1.003968253968254
6301b5768296fc0022ebb48a,1.0,1.0,1.0,1.0,1.0,1.0,1.0
6301d0e28296fc0022ebb48e,1.0,1.0,1.0,1.0,1.0,1.0,1.0
6301dd458296fc0022ebb49d,1.0,1.0,1.0,1.0,1.0,1.0,1.0
6257c4a8fb139700243c5214,0.5,1.0,0.5,0.5,0.5,0.5,0.5
63309651ab6261002246d342,0.9290322580645162,1.021276595744681,0.9290322580645162,0.9402310396785535,0.9290322580645162,0.9290322580645162,1.5333978702807358
6330dde45766d0002293b565,0.8510436432637571,1.6041131105398458,0.6964285714285714,0.9653465346534654,0.6964285714285714,0.6964285714285714,0.9367888748419723
63308489ab6261002246d32b,0.986159169550173,1.079136690647482,0.9375,0.9375,0.9375,0.9375,0.987544483985765
633091c9ab6261002246d333,1.0170157068062826,0.9785123966942149,0.888,0.9623068224651338,0.888,0.888,1.0589765828274067
63309d795766d0002293b563,1.0165745856353592,0.9343749999999998,0.6216216216216216,1.2650000000000001,0.6216216216216216,0.6216216216216216,0.9019607843137255
63308b35ab6261002246d32d,0.891891891891892,0.9335219236209334,0.891891891891892,1.1123595505617978,0.891891891891892,0.891891891891892,1.4776119402985075
63309bcaab6261002246d347,1.0666666666666667,1.170731707317073,0.8421052631578947,0.9411764705882353,0.8421052631578947,0.8421052631578947,0.9440242057488654
63309a73ab6261002246d344,0.981981981981982,1.026795059660875,0.981981981981982,0.981981981981982,0.981981981981982,0.981981981981982,0.981981981981982
63308dddab6261002246d332,1.823529411764706,1.1787072243346008,0.6458333333333334,0.8230088495575221,0.6458333333333334,0.6458333333333334,0.9200913242009134
63309926ab6261002246d343,0.8666666666666667,1.171171171171171,0.8666666666666667,1.0483870967741935,0.8666666666666667,0.8666666666666667,0.8954081632653061
6335f8b9125f8a00222e06ec,0.6428571428571428,0.8873239436619719,0.6428571428571428,1.7999999999999998,0.6428571428571428,0.6428571428571428,1.7999999999999998
6335f3dd125f8a00222e06eb,0.7407407407407407,1.0852713178294573,0.7407407407407407,0.7407407407407407,0.7407407407407407,0.7407407407407407,0.8695652173913044
63361b9a125f8a00222e06ef,0.6666666666666666,1.3333333333333333,0.6666666666666666,2.0,0.6666666666666666,0.6666666666666666,0.6666666666666666
633620e3fe6e62002205e71e,0.7058823529411764,1.0393700787401574,0.7058823529411764,0.7058823529411764,0.7058823529411764,0.7058823529411764,0.7058823529411764
6336ad26ee62f10022c977c2,0.875,1.086206896551724,0.875,0.875,0.875,0.875,0.875
6336b760ee62f10022c97c37,0.7692307692307692,1.1475409836065573,0.7692307692307692,0.7692307692307692,0.7692307692307692,0.7692307692307692,0.7692307692307692
6336c0b1f9be3c00226020f2,1.0,1.0,1.0,1.0,1.0,1.0,1.0
